SOY.F.09,Soja,Commodity,futuro,2022-09-01,,00:15:00
SOY.P.09.100,Soja,Commodity,put,2022-09-01,100,00:20:00
SOY.P.09.150,Soja,Commodity,call,2022-09-01,150,00:17:00
SOY.C.09.120,Soja,Commodity,call,2022-09-01,120,00:20:00
SOY.F.12,Soja,Commodity,futuro,2022-12-01,,00:10:00
USD.F.09,Dolar,Moneda,futuro,2022-09-01,,00:12:00
USD.F.12,Dolar,Moneda,futuro,2022-12-01,,00:15:00
USD.P.12.350,Dolar,Moneda,put,2022-12-01,350,00:13:00
USD.P.12.370,Dolar,Moneda,put,2022-12-01,370,00:13:00
USD.C.12.330,Dolar,Moneda,call,2022-12-01,330,00:11:00
USD.C.12.350,Dolar,Moneda,call,2022-12-01,350,00:11:00
